"state","metropolitanAea","notPaidRent","rentDeferred"
"06",0,0.148758088890611,0.0751346533886155
"06",31080,0.142635314995563,0.0759760425909494
